Workbook

Sheet 报告
B2: 报告：成功合并 7 个工作表，共 53 行数据。
B4: 工作簿 | C4: 工作表 | D4: 合并状态 | E4: 合并后的位置
B5: Search(Into-The-Am)-261-UK-20260123.xlsx | C5: Brands | D5: 成功 | E5: 总表!B1:H9
B6: Search(Nautica)-287-UK-20260123.xlsx | C6: Brands | D6: 成功 | E6: 总表!B10:H18
B7: Products(236)-UK-20260123.xlsx | C7: Brands | D7: 成功 | E7: 总表!B19:H20
B8: Products(11)-UK-20260123.xlsx | C8: Brands | D8: 成功 | E8: 总表!B21:H24
B9: Products(230)-UK-20260123.xlsx | C9: Brands | D9: 成功 | E9: 总表!B25:H48
B10: Products(31)-UK-20260123.xlsx | C10: Brands | D10: 成功 | E10: 总表!B49:H51
B11: Products(18)-UK-20260123.xlsx | C11: Brands | D11: 成功 | E11: 总表!B52:H53

Sheet Sheet1
A3: 品牌 | B3: 求和项:近一年销售额(£) | E3: 品牌 | F3: 求和项:近一年销售额(£)
A4: 33,000ft | B4: 88149.34 | E4: 33,000ft | F4: 88149.34
A5: Alimens & Gentle | B5: 73286.68 | E5: Alimens & Gentle | F5: 73286.68
A6: am | B6: 0 | E6: am | F6: 0
A7: AWDis | B7: 0 | E7: AWDis | F7: 0
A8: Beechfield | B8: 441829.89 | E8: Beechfield | F8: 441829.89
A9: Boyzn | B9: 186433.86 | E9: Boyzn | F9: 186433.86
A10: Build Your Brand | B10: 98877.48 | E10: Build Your Brand | F10: 98877.48
A11: Callaway | B11: 38213.797 | E11: Callaway | F11: 38213.797
A12: Canterbury | B12: 1918789.8 | E12: Canterbury | F12: 1918789.8
A13: Carhartt | B13: 407681.67 | E13: Carhartt | F13: 407681.67
A14: Craghoppers | B14: 179270 | E14: Craghoppers | F14: 179270
A15: Flexfit | B15: 11083.39 | E15: Flexfit | F15: 11083.39
... A41: Westford Mill | B41: 75545.833 | E41: Westford Mill | F41: 75545.833
A42: (空白) | E42: (空白)
A43: 总计 | B43: 27526852 | E43: 总计 | F43: 27526852

Sheet 总表
A1: 品牌 | B1: 月销量 | C1: 月销售额(£) | D1: 近1年销量 | E1: 近一年销售额(£) | F1: 平均价格(£) | G1: 市场份额
A2: INTO THE AM | B2: 24 | C2: 665.34142 | D2: 268 | E2: 7429.6458 | F2: 27.722559 | G2: 0.011220196
A3: am | B3: 0 | C3: 0 | D3: 0 | E3: 0 | F3: 22 | G3: 0
A4: HUAKANG | B4: 302 | C4: 6157.78 | D4: 6305 | E4: 128558.95 | F4: 20.39 | G4: 0.14118747
A5: Boyzn | B5: 969 | C5: 24699.81 | D5: 7314 | E5: 186433.86 | F5: 25.49 | G5: 0.45301543
A6: Gaiatiger | B6: 621 | C6: 7911.54 | D6: 6802 | E6: 86657.48 | F6: 12.74 | G6: 0.29032258
A7: TORO ACTIVA | B7: 196 | C7: 5094.04 | D7: 1686 | E7: 43819.14 | F7: 25.99 | G7: 0.091631604
A8: VATPAVE | B8: 27 | C8: 647.73 | D8: 274 | E8: 6573.26 | F8: 23.99 | G8: 0.012622721
A9: Nautica | B9: 2085 | C9: 75773.838 | D9: 20548 | E9: 746762.99 | F9: 36.342368 | G9: 0.49267486
A10: 33,000ft | B10: 136 | C10: 3670.64 | D10: 3266 | E10: 88149.34 | F10: 26.99 | G10: 0.032136106
A11: J.VER | B11: 798 | C11: 15952.02 | D11: 12806 | E11: 255991.94 | F11: 19.99 | G11: 0.18856333
A12: HUAKANG | B12: 166 | C12: 4286.12 | D12: 2418 | E12: 62432.76 | F12: 25.82 | G12: 0.039224953
A13: Carhartt | B13: 885 | C13: 20346.15 | D13: 17733 | E13: 407681.67 | F13: 22.99 | G13: 0.20912098
... A43: PJ PAUL JONES | B43: 636 | C43: 24718.14 | D43: 2130 | E43: 82782.45 | F43: 38.865 | G43: 1

Sheet Sheet2
A1: PJ PAUL JONES | B1: JMIERR | C1: Gildan | D1: Alimens & Gentle | E1: TACVASEN | F1: Nautica | G1: Into The Am
A2: =_xlfn.XLOOKUP(A1,Sheet1!$E:$E,Sheet1!$F:$F) -> 82782.45 | B2: =_xlfn.XLOOKUP(B1,Sheet1!$E:$E,Sheet1!$F:$F) -> 202394.7 | C2: =_xlfn.XLOOKUP(C1,Sheet1!$E:$E,Sheet1!$F:$F) -> 127139.48 | D2: =_xlfn.XLOOKUP(D1,Sheet1!$E:$E,Sheet1!$F:$F) -> 73286.68 | E2: =_xlfn.XLOOKUP(E1,Sheet1!$E:$E,Sheet1!$F:$F) -> 8037937.1 | F2: =_xlfn.XLOOKUP(F1,Sheet1!$E:$E,Sheet1!$F:$F) -> 746762.99 | G2: =_xlfn.XLOOKUP(G1,Sheet1!$E:$E,Sheet1!$F:$F) -> 7429.6458
A3: =_xlfn.XLOOKUP(A1,[1]Sheet2!$A:$A,[1]Sheet2!$B:$B) -> 99644.608 | B3: =_xlfn.XLOOKUP(B1,[1]Sheet2!$A:$A,[1]Sheet2!$B:$B) -> 5294368.4 | C3: =_xlfn.XLOOKUP(C1,[1]Sheet2!$A:$A,[1]Sheet2!$B:$B) -> 978042.58 | D3: =_xlfn.XLOOKUP(D1,[1]Sheet2!$A:$A,[1]Sheet2!$B:$B) -> 120162.67 | E3: =_xlfn.XLOOKUP(E1,[1]Sheet2!$A:$A,[1]Sheet2!$B:$B) -> 4456572.3 | F3: =_xlfn.XLOOKUP(F1,[1]Sheet2!$A:$A,[1]Sheet2!$B:$B) -> 253277.28 | G3: =_xlfn.XLOOKUP(G1,[1]Sheet2!$A:$A,[1]Sheet2!$B:$B) -> 5301.8904
A4: =SUM(A2:A3) -> 182427.06 | B4: =SUM(B2:B3) -> 5496763.1 | C4: =SUM(C2:C3) -> 1105182.1 | D4: =SUM(D2:D3) -> 193449.35 | E4: =SUM(E2:E3) -> 12494509 | F4: =SUM(F2:F3) -> 1000040.3 | G4: =SUM(G2:G3) -> 12731.536
