Workbook

Sheet 市场
A1: 目录：
A2: 1、女装类目&价位段分布
A3: 2、高端的市场份额、价格趋势
A4: 3、高端的主要卖家&爆款
A5: 4、高端的产品分析
A6: 5、总结
A7: 数据源： similarweb
A9: 1、女装类目&价位段分布
A10: *各类目TOP1000
A11: 类目 | B11: 销售件数 | C11: 销售件数 YOY | D11: GMV $ | E11: GMV YOY | F11: 均价 | G11: 价格分布 | H11: 低价位 $ | I11: 中低价位 $ | J11: 中价位（主流） $ | K11: 中高价位 $ | L11: 高价位 $ | M11: 列1
A12: Lingerie, Sleep & Lounge | B12: 172600000 | C12: 0.341 | D12: 3600000000 | E12: 0.29 | F12: =D12/B12 -> 20.857474
A13: Dresses | B13: 92700000 | C13: 0.519 | D13: 3400000000 | E13: 0.461 | F13: =D13/B13 -> 36.677454 | G13: =_xlfn.DISPIMG("ID_4EE87D3B08A444348ADAB1F47B9C62AA",1) -> =DISPIMG("ID_4EE87D3B08A444348ADAB1F47B9C62AA",1) | H13: 11.19~20.53 $ | I13: 20.53~35.31 $ | J13: 35.31~49.5 $ | K13: 49.5~59.42 $ | L13: 59.42~698.0 $ | M13: *哪些
A14: Tops, Tees & Blouses | B14: 204800000 | C14: 0.912 | D14: 3200000000 | E14: 0.542 | F14: =D14/B14 -> 15.625 | G14: =_xlfn.DISPIMG("ID_5B9773B6EE9D49198E4666AA34E55215",1) -> =DISPIMG("ID_5B9773B6EE9D49198E4666AA34E55215",1) | H14: 0~15.0 $ | I14: 15.0~20.0 $ | J14: 20.0~25.0 $ | K14: 25.0~30.0 $ | L14: 30.0~157.98 $
A15: Active | B15: 105900000 | C15: 0.426 | D15: 2300000000 | E15: 0.366 | F15: =D15/B15 -> 21.718602 | G15: =_xlfn.DISPIMG("ID_2639E6F6495A430E9D56A9FE207D720B",1) -> =DISPIMG("ID_2639E6F6495A430E9D56A9FE207D720B",1) | H15: 6.71~9.47 $ | I15: 9.47~17.63 $ | J15: 17.63~30.54 $ | K15: 30.54~44.3 $ | L15: 44.3~368.1 $
A16: Sweaters | B16: 39200000 | C16: 0.658 | D16: 1000000000 | E16: 0.435 | F16: =D16/B16 -> 25.510204 | G16: =_xlfn.DISPIMG("ID_AFE94619D875444080B1250CC088CD9E",1) -> =DISPIMG("ID_AFE94619D875444080B1250CC088CD9E",1) | H16: 9.17~14.97 $ | I16: 14.97~23.08 $ | J16: 23.08~35.43 $ | K16: 35.43~43.41 $ | L16: 43.41~52.48 $
A17: Jeans | B17: 26900000 | C17: 0.638 | D17: 934800000 | E17: 0.632 | F17: =D17/B17 -> 34.750929 | G17: =_xlfn.DISPIMG("ID_F664C8527D2A461D90603A89B2552515",1) -> =DISPIMG("ID_F664C8527D2A461D90603A89B2552515",1) | H17: 14.41~18.88 $ | I17: 18.88~31.55 $ | J17: 31.55~42.53 $ | K17: 42.53~58.8 $ | L17: 58.8~278.0 $
A18: Coats, Jackets & Vests | B18: 19400000 | C18: 0.332 | D18: 848500000 | E18: 0.309 | F18: =D18/B18 -> 43.737113 | G18: =_xlfn.DISPIMG("ID_30DB389ABF264B92B3A156DA7EA225E0",1) -> =DISPIMG("ID_30DB389ABF264B92B3A156DA7EA225E0",1) | H18: 0~40.0 $ | I18: 40.0~65.0 $ | J18: 65.0~90.0 $ | K18: 90.0~115.0 $ | L18: 115.0~350.0 $
A19: Pants | B19: 21900000 | C19: 0.852 | D19: 600300000 | E19: 0.724 | F19: =D19/B19 -> 27.410959 | G19: =_xlfn.DISPIMG("ID_F10402315EA74203B0321F0B5439D55C",1) -> =DISPIMG("ID_F10402315EA74203B0321F0B5439D55C",1) | H19: 11.26~17.91 $ | I19: 17.91~25.88 $ | J19: 25.88~33.5 $ | K19: 33.5~39.79 $ | L19: 39.79~51.38 $
A20: Socks & Hosiery | B20: 40100000 | C20: 0.343 | D20: 504400000 | E20: 0.268 | F20: =D20/B20 -> 12.578554
A21: Jumpsuits, Rompers & Overalls | B21: 15800000 | C21: 0.124 | D21: 489200000 | E21: 0.125 | F21: =D21/B21 -> 30.962025 | G21: =_xlfn.DISPIMG("ID_F24D2431C5614774842DCAE816F3723E",1) -> =DISPIMG("ID_F24D2431C5614774842DCAE816F3723E",1) | H21: 13.69~19.44 $ | I21: 19.44~28.94 $ | J21: 28.94~39.65 $ | K21: 39.65~58.32 $ | L21: 58.32~147.66 $
A22: Fashion Hoodies & Sweatshirts | B22: 18700000 | C22: 0.301 | D22: 451400000 | E22: 0.166 | F22: =D22/B22 -> 24.139037 | G22: =_xlfn.DISPIMG("ID_4BF610D01CBA42F1B5CE1D69812C283D",1) -> =DISPIMG("ID_4BF610D01CBA42F1B5CE1D69812C283D",1) | H22: 7.08~14.3 $ | I22: 14.3~23.47 $ | J22: 23.47~31.74 $ | K22: 31.74~48.92 $ | L22: 48.92~124.88 $
A23: Shorts | B23: 10700000 | C23: 0.61 | D23: 283300000 | E23: 0.624 | F23: =D23/B23 -> 26.476636 | G23: =_xlfn.DISPIMG("ID_23419B262AF0443E979DBA2B6EEF3842",1) -> =DISPIMG("ID_23419B262AF0443E979DBA2B6EEF3842",1) | H23: 11.24~17.22 $ | I23: 17.22~25.18 $ | J23: 25.18~32.02 $ | K23: 32.02~37.34 $ | L23: 37.34~365.0 $
A24: Clothing Sets | B24: 6700000 | C24: 1.132 | D24: 214600000 | E24: 0.989 | F24: =D24/B24 -> 32.029851 | G24: =_xlfn.DISPIMG("ID_5FE54769FE28412D815304E552E77B9D",1) -> =DISPIMG("ID_5FE54769FE28412D815304E552E77B9D",1) | H24: 14.99~21.39 $ | I24: 21.39~30.27 $ | J24: 30.27~38.7 $ | K24: 38.7~46.28 $ | L24: 46.28~57.63 $
A25: Suiting & Blazers | B25: 4600000 | C25: 0.555 | D25: 207700000 | E25: 0.574 | F25: =D25/B25 -> 45.152174 | G25: =_xlfn.DISPIMG("ID_27788D9E5D964FC2AFC98ABAC078889E",1) -> =DISPIMG("ID_27788D9E5D964FC2AFC98ABAC078889E",1) | H25: 10.64~15.65 $ | I25: 15.65~21.99 $ | J25: 21.99~32.65 $ | K25: 32.65~40.14 $ | L25: 40.14~142.06 $
A26: Skirts | B26: 5600000 | C26: 0.417 | D26: 145700000 | E26: 0.386 | F26: =D26/B26 -> 26.017857 | G26: =_xlfn.DISPIMG("ID_06CDA42564C043EA9AC97DE507611236",1) -> =DISPIMG("ID_06CDA42564C043EA9AC97DE507611236",1) | H26: 10.64~15.65 $ | I26: 15.65~21.99 $ | J26: 21.99~32.65 $ | K26: 32.65~40.14 $ | L26: 40.14~142.06 $
A27: Leggings | B27: 6900000 | C27: 0.335 | D27: 129100000 | E27: 0.245 | F27: =D27/B27 -> 18.710145 | G27: =_xlfn.DISPIMG("ID_ECB4593ED076403CB332DE222A6B3509",1) -> =DISPIMG("ID_ECB4593ED076403CB332DE222A6B3509",1) | H27: 0~15.0 $ | I27: 15.0~25.0 $ | J27: 25.0~35.0 $ | K27: 35.0~45.0 $ | L27: 45.0~105.34 $
A28: Bodysuits | B28: =4.5*1000000 -> 4500000 | C28: 0.042 | D28: 96900000 | E28: 0.115 | F28: =D28/B28 -> 21.533333 | G28: =_xlfn.DISPIMG("ID_1B6FBA744EF341D1AF64C4C02217884D",1) -> =DISPIMG("ID_1B6FBA744EF341D1AF64C4C02217884D",1) | H28: 7.8~14.22 $ | I28: 14.22~19.73 $ | J28: 19.73~28.19 $ | K28: 28.19~35.99 $ | L28: 35.99~44.9 $
A31: 2、高端的市场份额、价格趋势
A32: 2.1 Dress
A33: 中价位(35-49元)占46%主导，高端仅3.5%但价格上涨趋势强
A35: 价位段 | B35: 价格区间标注$ | C35: ASIN数量 | D35: 总GMV | E35: GMV占比(%)
A36: 低价位 | B36: 11.19~20.53元 | C36: 78 | D36: 18772093 | E36: 6.56
A37: 中低价位 | B37: 20.53~35.31元 | C37: 194 | D37: 58650701 | E37: 20.48
A38: 中价位 | B38: 35.31~49.5元 | C38: 470 | D38: 132374038 | E38: 46.23
A39: 中高价位 | B39: 49.5~59.42元 | C39: 225 | D39: 66570286 | E39: 23.25
A40: 高价位 | B40: 59.42~698.0元 | C40: 33 | D40: 9952905 | E40: 3.48
A44: 📊 2024→2025 各价位段价格变化分析
A46: 价位段 | B46: 价格区间 | C46: 上涨 | D46: 下跌 | E46: 不变 | F46: 合计 | G46: 上涨占比(%) | H46: 下跌占比(%) | I46: 不变占比(%)
A47: 低价位 | B47: 11.19~20.53元 | C47: 0 | D47: 4 | E47: 0 | F47: 4 | G47: 0 | H47: 100 | I47: 0
A48: 中低价位 | B48: 20.53~35.31元 | C48: 28 | D48: 67 | E48: 2 | F48: 97 | G48: 28.9 | H48: 69.1 | I48: 2.1
A49: 中价位 | B49: 35.31~49.5元 | C49: 111 | D49: 60 | E49: 1 | F49: 172 | G49: 64.5 | H49: 34.9 | I49: 0.6
A50: 中高价位 | B50: 49.5~59.42元 | C50: 93 | D50: 23 | E50: 2 | F50: 118 | G50: 78.8 | H50: 19.5 | I50: 1.7
A51: 高价位 | B51: 59.42~698.0元 | C51: 20 | D51: 1 | E51: 0 | F51: 21 | G51: 95.2 | H51: 4.8 | I51: 0
A54: 2.2 上衣
A55: 第三大类目，低价位(0-15元)占59%绝对主导，几乎所有价位价格都在下跌，做高端风险极大
A56: 📊 最终 5 档位统计结果
A58: 低价位占主导，中高和高价位占11%的份额
A59: 价位段 | B59: 价格区间 | C59: ASIN数量 | D59: 总GMV | E59: 产品占比(%) | F59: GMV占比(%)
A60: 低价位 | B60: 0~15.0元 | C60: 582 | D60: 158260358 | E60: 58.2 | F60: 58.9
A61: 中低价位 | B61: 15.0~20.0元 | C61: 193 | D61: 49284242 | E61: 19.3 | F61: 18.4
A62: 中价位 | B62: 20.0~25.0元 | C62: 114 | D62: 30315896 | E62: 11.4 | F62: 11.3
A63: 中高价位 | B63: 25.0~30.0元 | C63: 68 | D63: 19267890 | E63: 6.8 | F63: 7.2
A64: 高价位 | B64: 30.0~157.98元 | C64: 43 | D64: 11369735 | E64: 4.3 | F64: 4.2
A67: 📊 | B67: 2024→2025 | C67: 各价位段价格变化分析
A70: 价位段 | B70: 价格区间 | C70: 上涨 | D70: 下跌 | E70: 不变 | F70: 合计 | G70: 上涨占比(%) | H70: 下跌占比(%) | I70: 不变占比(%)
A71: 低价位 | B71: 0~15.0元 | C71: 2 | D71: 155 | E71: 0 | F71: 157 | G71: 1.3 | H71: 98.7 | I71: 0
A72: 中低价位 | B72: 15.0~20.0元 | C72: 1 | D72: 92 | E72: 0 | F72: 93 | G72: 1.1 | H72: 98.9 | I72: 0
A73: 中价位 | B73: 20.0~25.0元 | C73: 2 | D73: 45 | E73: 0 | F73: 47 | G73: 4.3 | H73: 95.7 | I73: 0
A74: 中高价位 | B74: 25.0~30.0元 | C74: 6 | D74: 17 | E74: 0 | F74: 23 | G74: 26.1 | H74: 73.9 | I74: 0
A75: 高价位 | B75: 30.0~157.98元 | C75: 6 | D75: 5 | E75: 0 | F75: 11 | G75: 54.5 | H75: 45.5 | I75: 0
A79: 2.3 Active
A80: 中价位(17-30元)占43%，各价位段以下跌为主，高端存活率仅28%风险大
A81: 📊 最终 5 档位统计结果
A83: 比较符合正态分布，中高价位段占20%的市场份额，价位在$30-$40. 高端只占4.4%的份额。
A84: 价位段 | B84: 价格区间 | C84: ASIN数量 | D84: 总GMV | E84: 产品占比(%) | F84: GMV占比(%)
A85: 低价位 | B85: 6.71~9.47元 | C85: 51 | D85: 25228693 | E85: 5.1 | F85: 7
A86: 中低价位 | B86: 9.47~17.63元 | C86: 224 | D86: 88176477 | E86: 22.4 | F86: 24.5
A87: 中价位 | B87: 17.63~30.54元 | C87: 450 | D87: 155868307 | E87: 45 | F87: 43.4
A88: 中高价位 | B88: 30.54~44.3元 | C88: 225 | D88: 74121229 | E88: 22.5 | F88: 20.6
A89: 高价位 | B89: 44.3~368.1元 | C89: 50 | D89: 15925904 | E89: 5 | F89: 4.4
A92: 📊 | B92: 2024→2025 | C92: 各价位段价格变化分析
A93: 各个价位段呈现下跌趋势主导，且中低价位款存活率最高，做高端的风险较大。
A94: 价位段 | B94: 价格区间 | C94: 存活% | D94: 上涨 | E94: 下跌 | F94: 不变 | G94: 合计 | H94: 上涨占比(%) | I94: 下跌占比(%) | J94: 不变占比(%)
A95: 低价位 | B95: 6.71~9.47元 | C95: =G95/C85 -> 0.49019608 | D95: 0 | E95: 25 | F95: 0 | G95: 25 | H95: 0 | I95: 100 | J95: 0
A96: 中低价位 | B96: 9.47~17.63元 | C96: =G96/C86 -> 0.60714286 | D96: 19 | E96: 116 | F96: 1 | G96: 136 | H96: 14 | I96: 85.3 | J96: 0.7
A97: 中价位 | B97: 17.63~30.54元 | C97: =G97/C87 -> 0.42444444 | D97: 35 | E97: 154 | F97: 2 | G97: 191 | H97: 18.3 | I97: 80.6 | J97: 1
A98: 中高价位 | B98: 30.54~44.3元 | C98: =G98/C88 -> 0.47555556 | D98: 38 | E98: 69 | F98: 0 | G98: 107 | H98: 35.5 | I98: 64.5 | J98: 0
A99: 高价位 | B99: 44.3~368.1元 | C99: =G99/C89 -> 0.28 | D99: 5 | E99: 9 | F99: 0 | G99: 14 | H99: 35.7 | I99: 64.3 | J99: 0
A103: 2.4 Sweaters
A104: 中价位(23-35元)占48%主流，高价位价格上涨58%但存活率仅38%，做高端款风险较高
A105: 📊 最终 5 档位统计结果
A106: ==========================================================================================
A107: 价位段 | B107: 价格区间 | C107: ASIN数量 | D107: 总GMV | E107: 产品占比(%) | F107: GMV占比(%)
A108: 低价位 | B108: 9.17~14.97元 | C108: 51 | D108: 7762212 | E108: 5.1 | F108: 4.9
A109: 中低价位 | B109: 14.97~23.08元 | C109: 224 | D109: 34498044 | E109: 22.4 | F109: 21.9
A110: 中价位 | B110: 23.08~35.43元 | C110: 451 | D110: 75485567 | E110: 45.1 | F110: 47.9
A111: 中高价位 | B111: 35.43~43.41元 | C111: 224 | D111: 33217212 | E111: 22.4 | F111: 21.1
A112: 高价位 | B112: 43.41~52.48元 | C112: 50 | D112: 6589786 | E112: 5 | F112: 4.2
A114: ================================================================================
A115: 📊 | B115: 2024→2025 | C115: 各价位段价格变化分析
A116: 除高价位段售价一半上升之外，各个价格段都是价格下降为主。 做高端款风险较高。
A117: 价位段 | B117: 价格区间 | C117: 存活% | D117: 上涨 | E117: 下跌 | F117: 不变 | G117: 合计 | H117: 上涨占比(%) | I117: 下跌占比(%) | J117: 不变占比(%)
A118: 低价位 | B118: 9.17~14.97元 | C118: =G118/C108 -> 0.15686275 | D118: 0 | E118: 8 | F118: 0 | G118: 8 | H118: 0 | I118: 100 | J118: 0
A119: 中低价位 | B119: 14.97~23.08元 | C119: =G119/C109 -> 0.41517857 | D119: 0 | E119: 93 | F119: 0 | G119: 93 | H119: 0 | I119: 100 | J119: 0
A120: 中价位 | B120: 23.08~35.43元 | C120: =G120/C110 -> 0.35476718 | D120: 21 | E120: 137 | F120: 2 | G120: 160 | H120: 13.1 | I120: 85.6 | J120: 1.2
A121: 中高价位 | B121: 35.43~43.41元 | C121: =G121/C111 -> 0.30803571 | D121: 22 | E121: 47 | F121: 0 | G121: 69 | H121: 31.9 | I121: 68.1 | J121: 0
A122: 高价位 | B122: 43.41~52.48元 | C122: =G122/C112 -> 0.38 | D122: 11 | E122: 8 | F122: 0 | G122: 19 | H122: 57.9 | I122: 42.1 | J122: 0
A125: 2.5 Jeans
A126: 中价位(31-42元)占48%主导，中高价位上涨58%，价格趋势相对乐观
A127: 📊 最终 5 档位统计结果
...

Sheet Sheet1
A1: Tops, Tees & Blouses（上衣） | B1: 0.114
A2: Coats, Jackets & Vests | B2: 0.177
A3: Dresses | B3: 0.267
A4: Active | B4: 0.25
A5: Jeans | B5: 0.271
A6: Sweaters | B6: 0.253
A7: Jumpsuits, Rompers & Overalls（Jumpsuit） | B7: 0.27
A8: Fashion Hoodies & Sweatshirts | B8: 0.287
A9: Pants | B9: 0.222
A10: Shorts | B10: 0.295
A11: Leggings | B11: 0.231
A12: Suiting & Blazers | B12: 0.228
... A14: Bodysuits | B14: 0.301
A20: 品类 | B20: 中高价位区间 | C20: 价格上涨占比（%）
A21: Tops, Tees & Blouses | B21: 25.0~30.0 元 | C21: 26.1
A22: Coats, Jackets & Vests | B22: 90.0~115.0 元 | C22: 38.1
A23: Dresses | B23: 49.5~59.42 元 | C23: 78.8
A24: Active | B24: 30.54~44.3 元 | C24: 35.5
A25: Jeans | B25: 42.53~58.8 元 | C25: 58.3
A26: Sweaters | B26: 35.43~43.41 元 | C26: 31.9
A27: Jumpsuits, Rompers & Overalls | B27: 39.65~58.32 元 | C27: 74.4
A28: Fashion Hoodies & Sweatshirts | B28: 31.74~48.92 元 | C28: 48.5
A29: Pants | B29: 33.5~39.79 元 | C29: 69
A30: Shorts | B30: 32.02~37.34 元 | C30: 86.1
A31: Leggings | B31: 35.0~45.0 元 | C31: 76.7
A32: Suiting & Blazers | B32: 32.65~40.14 元 | C32: 58.8
... A34: Bodysuits | B34: 28.19~35.99 元 | C34: 71.9

Sheet Sheet2
A1: 品类 | B1: 中高价位区间 | C1: 价格上涨占比（%）
A2: Tops, Tees & Blouses | B2: 25.0~30.0 元 | C2: 26.1
A3: Coats, Jackets & Vests | B3: 90.0~115.0 元 | C3: 38.1
A4: Dresses | B4: 49.5~59.42 元 | C4: 78.8
A5: Active | B5: 30.54~44.3 元 | C5: 35.5
A6: Jeans | B6: 42.53~58.8 元 | C6: 58.3
A7: Sweaters | B7: 35.43~43.41 元 | C7: 31.9
A8: Jumpsuits, Rompers & Overalls | B8: 39.65~58.32 元 | C8: 74.4
A9: Fashion Hoodies & Sweatshirts | B9: 31.74~48.92 元 | C9: 48.5
A10: Pants | B10: 33.5~39.79 元 | C10: 69
A11: Shorts | B11: 32.02~37.34 元 | C11: 86.1
A12: Leggings | B12: 35.0~45.0 元 | C12: 76.7
A13: Suiting & Blazers | B13: 32.65~40.14 元 | C13: 58.8
... A15: Bodysuits | B15: 28.19~35.99 元 | C15: 71.9

Sheet Sheet3
A1: B09YTWFM64 | B1: amazon.com/dp/B09YTWFM64
A2: B0D8PK4T1S | B2: amazon.com/dp/B0D8PK4T1S
A3: B0DMZC6ZB7 | B3: amazon.com/dp/B0DMZC6ZB7
A4: B0DMZ5MFWK | B4: amazon.com/dp/B0DMZ5MFWK
A5: B0C53BN4V8 | B5: amazon.com/dp/B0C53BN4V8
A10: B0BZH1CW8Q | B10: amazon.com/dp/B0BZH1CW8Q
A11: B09N61464Q | B11: amazon.com/dp/B09N61464Q
A12: B0BZH1KLJ5 | B12: amazon.com/dp/B0BZH1KLJ5
A13: B0DJWPMZZJ | B13: amazon.com/dp/B0DJWPMZZJ
A14: B0C5YP9YM7 | B14: amazon.com/dp/B0C5YP9YM7
A19: B07S7Z5LY7 | B19: amazon.com/dp/B07S7Z5LY7
A20: B0DHZVVGNW | B20: amazon.com/dp/B0DHZVVGNW
... A53: B0BCYXJTBP | B53: amazon.com/dp/B0BCYXJTBP
